covariate,exp(coef),exp(coef) lower 95%,exp(coef) upper 95%,p
Zosyn,1.5167507202795927,0.6908160290457716,3.3301670064697304,0.2991956875939882
Vancomycin,1.6918352696918977,0.7845861892042989,3.648173545695868,0.17986349822034514
Cipro,1.3649644009059083,0.6042973523897337,3.0831308599525773,0.4542254859708723
Cefepime,0.865645756317045,0.33331487231642876,2.248152235818415,0.7670030391452418
Ceftriaxone,0.6908729890229894,0.28346377259815486,1.6838324085885907,0.4158869528105845
Zithromax,0.7367705348086669,0.26016487538961375,2.086487732632335,0.5651776803233701
