covariate,exp(coef),exp(coef) lower 95%,exp(coef) upper 95%,p
Age,1.010488125559721,0.9878434669740052,1.0336518750536696,0.3669189021417144
Gender,0.5869939471042983,0.27612435560529086,1.2478504229797887,0.16619980871848639
APACHE,1.0724965086741671,1.0166588833454058,1.1314008857457507,0.010299749507617468
ARDS,2.5946453940873986,1.179390025188676,5.708192012207287,0.017782289033206854
Sepsis3,0.9334920689285783,0.42224099835765716,2.0637679574981402,0.8649906342782294
diabetes,1.2624613968481964,0.5919546981079444,2.692450593983231,0.5464292606733198
malignancy,1.7252197894964474,0.7918986320045621,3.7585408053249667,0.16985118925608744
immunosuppressed,1.5342984389822312,0.7299949136507401,3.2247782222077195,0.2586723558149936
