covariate,exp(coef),exp(coef) lower 95%,exp(coef) upper 95%,p
Zosyn,1.4796418420334265,0.6440960002439654,3.3990895454510057,0.3558518771082312
Vancomycin,1.611996872510699,0.7168625746654174,3.6248703849508304,0.24814956357605067
Cipro,1.272907309583169,0.531356703062684,3.0493508587565823,0.5882591383162912
Cefepime,0.7673111940760136,0.2683424106516666,2.19408652968625,0.6212315229604035
Ceftriaxone,0.8084998255934183,0.3266364361429666,2.0012218345980233,0.6457332897899798
Zithromax,0.8434466951913293,0.2946204789295873,2.414639777295306,0.7510435503854125
